{
        "copyright": "Copyright (c) 2023, 2024, Oracle and/or its affiliates.",
        "license": "Licensed under the Universal Permissive License v 1.0 as shown at https://oss.oracle.com/licenses/upl",
        "name": "OIG",
        "description": "Oracle Identity Governance Domain Definitions",
        "versions": {
                "12.2.1.4": "OIG_12CR2"
        },
        "definitions": {
                "OIG_12CR2": {
                        "baseTemplate": "Basic WebLogic Server Domain",
                        "extensionTemplates": [
                                "Oracle Identity Manager"
                        ],
                        "serverGroupsToTarget": [
                                "OIM-MGD-SVRS",
                                "SOA-MGD-SVRS-ONLY",
                                "JRF-MAN-SVR",
                                "WSMPM-MAN-SVR"
                        ],
                        "rcuSchemas": [
                                "STB",
                                "WLS",
                                "MDS",
                                "IAU",
                                "IAU_VIEWER",
                                "IAU_APPEND",
                                "OPSS",
                                "UCSUMS",
                                "OPSS",
                                "SOAINFRA",
                                "OIM"
                        ],
                        "postCreateDomainScript": {
                                "unixScript": "@@ORACLE_HOME@@/dockertools/oig_post_create_script.sh"
                        },
                        "postCreateRcuSchemasScript": {
                                "unixScript": "@@ORACLE_HOME@@/dockertools/rcu_schema_patching.sh"
                        }
                }

        }
}