{
    "model_filters" : {
        "discover": [
            { "name": "vz_prep", "path": "@@TARGET_CONFIG_DIR@@/vz_filter.py" },
            { "id": "vz_filter" }
        ]
    },
    "final_filters" : [
        { "id": "vz_final_filter" }
    ],
    "variable_injectors" : ["port", "host", "url"],
    "validation_method" : "lax",
    "product_key": "vz",
    "domain_home_source_type" : "mii",
    "credentials_method" : "secrets",
    "exclude_domain_bin_contents": true,
    "wls_credentials_name" : "__weblogic-credentials__",
    "additional_secrets": "runtime-encryption-secret",
    "additional_output" : "vz-application.yaml"
}
