{
  "Cluster.ClusterAddress": {},
  "Cluster.FrontendHost": {},
  "Cluster.MulticastAddress": {},
  "Cluster.RemoteClusterAddress": {},
  "CoherenceClusterSystemResource.CoherenceResource.CoherenceAddressProvider.CoherenceSocketAddress.Address": {},
  "CoherenceClusterSystemResource.CoherenceResource.CoherenceClusterParams.CoherenceClusterWellKnownAddress.ListenAddress": {},
  "CoherenceClusterSystemResource.CoherenceResource.CoherenceClusterParams.MulticastListenAddress": {},
  "CoherenceClusterSystemResource.CoherenceResource.CoherenceClusterParams.UnicastListenAddress": {},
  "CoherenceClusterSystemResource.CoherenceResource.CoherenceFederationParams.RemoteParticipantHost": {},
  "CoherenceClusterSystemResource.FederationRemoteParticipantHost": {},
  "JDBCSystemResource.JdbcResource.JDBCOracleParams.OnsNodeList": {},
  "JMSSystemResource.JmsResource.Template.Multicast.MulticastAddress": {},
  "JMSSystemResource.JmsResource.Topic.Multicast.MulticastAddress": {},
  "JMSSystemResource.JmsResource.UniformDistributedTopic.Multicast.MulticastAddress": {},
  "Machine.Address": {},
  "Machine.NodeManager.ListenAddress": {},
  "NMProperties.ListenAddress": {},
  "SecurityConfiguration.CertRevoc.CrlCacheTypeLdapHostname": {},
  "SecurityConfiguration.Realm.AuthenticationProvider.ActiveDirectoryAuthenticator.Host": {},
  "SecurityConfiguration.Realm.AuthenticationProvider.IPlanetAuthenticator.Host": {},
  "SecurityConfiguration.Realm.AuthenticationProvider.LDAPAuthenticator.Host": {},
  "SecurityConfiguration.Realm.AuthenticationProvider.LDAPX509IdentityAsserter.Host": {},
  "SecurityConfiguration.Realm.AuthenticationProvider.NovellAuthenticator.Host": {},
  "SecurityConfiguration.Realm.AuthenticationProvider.OpenLDAPAuthenticator.Host": {},
  "SecurityConfiguration.Realm.AuthenticationProvider.OracleInternetDirectoryAuthenticator.Host": {},
  "SecurityConfiguration.Realm.AuthenticationProvider.OracleUnifiedDirectoryAuthenticator.Host": {},
  "SecurityConfiguration.Realm.AuthenticationProvider.OracleVirtualDirectoryAuthenticator.Host": {},
  "Server.BuzzAddress": {},
  "Server.COM.NTAuthHost": {},
  "Server.CoherenceMemberConfig.UnicastListenAddress": {},
  "Server.InterfaceAddress": {},
  "Server.JTAMigratableTarget.HostingServer": {},
  "Server.ListenAddress": {},
  "Server.NetworkAccessPoint.ClusterAddress": {},
  "Server.NetworkAccessPoint.ListenAddress": {},
  "Server.NetworkAccessPoint.ProxyAddress": {},
  "Server.NetworkAccessPoint.PublicAddress": {},
  "Server.WebServer.FrontendHost": {},
  "ServerTemplate.BuzzAddress": {},
  "ServerTemplate.COM.NTAuthHost": {},
  "ServerTemplate.CoherenceMemberConfig.UnicastListenAddress": {},
  "ServerTemplate.InterfaceAddress": {},
  "ServerTemplate.JTAMigratableTarget.HostingServer": {},
  "ServerTemplate.ListenAddress": {},
  "ServerTemplate.NetworkAccessPoint.ClusterAddress": {},
  "ServerTemplate.NetworkAccessPoint.ListenAddress": {},
  "ServerTemplate.NetworkAccessPoint.ProxyAddress": {},
  "ServerTemplate.NetworkAccessPoint.PublicAddress": {},
  "ServerTemplate.WebServer.FrontendHost": {},
  "UnixMachine.NodeManager.ListenAddress": {},
  "VirtualHost.FrontendHost": {},
  "VirtualHost.VirtualHostName": {},
  "VirtualTarget.HostName": {},
  "VirtualTarget.WebServer.FrontendHost": {}
}
