{
  "Cluster.FrontendHTTPPort": {},
  "Cluster.FrontendHTTPSPort": {},
  "Cluster.MulticastPort": {},
  "CoherenceClusterSystemResource.CoherenceResource.CoherenceAddressProvider.CoherenceSocketAddress.Port": {},
  "CoherenceClusterSystemResource.CoherenceResource.CoherenceClusterParams.ClusterListenPort": {},
  "CoherenceClusterSystemResource.CoherenceResource.CoherenceClusterParams.CoherenceClusterWellKnownAddress.ListenPort": {},
  "CoherenceClusterSystemResource.CoherenceResource.CoherenceClusterParams.MulticastListenPort": {},
  "CoherenceClusterSystemResource.CoherenceResource.CoherenceClusterParams.UnicastListenPort": {},
  "CoherenceClusterSystemResource.CoherenceResource.CoherenceFederationParams.RemoteCoherenceClusterListenPort": {},
  "CoherenceClusterSystemResource.FederationRemoteClusterListenPort": {},
  "JMSSystemResource.JmsResource.Template.Multicast.MulticastPort": {},
  "JMSSystemResource.JmsResource.Topic.Multicast.MulticastPort": {},
  "JMSSystemResource.JmsResource.UniformDistributedTopic.Multicast.MulticastPort": {},
  "Machine.NodeManager.ListenPort": {},
  "NMProperties.ListenPort": {},
  "SecurityConfiguration.CertRevoc.CrlCacheTypeLdapPort": {},
  "SecurityConfiguration.Realm.AuthenticationProvider.ActiveDirectoryAuthenticator.Port": {},
  "SecurityConfiguration.Realm.AuthenticationProvider.IPlanetAuthenticator.Port": {},
  "SecurityConfiguration.Realm.AuthenticationProvider.LDAPAuthenticator.Port": {},
  "SecurityConfiguration.Realm.AuthenticationProvider.LDAPX509IdentityAsserter.Port": {},
  "SecurityConfiguration.Realm.AuthenticationProvider.NovellAuthenticator.Port": {},
  "SecurityConfiguration.Realm.AuthenticationProvider.OpenLDAPAuthenticator.Port": {},
  "SecurityConfiguration.Realm.AuthenticationProvider.OracleInternetDirectoryAuthenticator.Port": {},
  "SecurityConfiguration.Realm.AuthenticationProvider.OracleUnifiedDirectoryAuthenticator.Port": {},
  "SecurityConfiguration.Realm.AuthenticationProvider.OracleVirtualDirectoryAuthenticator.Port": {},
  "Server.AdministrationPort": {},
  "Server.AdministrationPortEnabled": {},
  "Server.BuzzPort": {},
  "Server.CoherenceMemberConfig.UnicastListenPort": {},
  "Server.ListenPort": {},
  "Server.ListenPortEnabled": {},
  "Server.NetworkAccessPoint.ListenPort": {},
  "Server.NetworkAccessPoint.ProxyPort": {},
  "Server.NetworkAccessPoint.PublicPort": {},
  "Server.NetworkAccessPoint.SSLListenPort": {},
  "Server.ReplicationPorts": {},
  "Server.SSL.ListenPort": {},
  "Server.WebServer.FrontendHTTPPort": {},
  "Server.WebServer.FrontendHTTPSPort": {},
  "ServerTemplate.AdministrationPort": {},
  "ServerTemplate.AdministrationPortEnabled": {},
  "ServerTemplate.BuzzPort": {},
  "ServerTemplate.CoherenceMemberConfig.UnicastListenPort": {},
  "ServerTemplate.ListenPort": {},
  "ServerTemplate.ListenPortEnabled": {},
  "ServerTemplate.NetworkAccessPoint.ListenPort": {},
  "ServerTemplate.NetworkAccessPoint.ProxyPort": {},
  "ServerTemplate.NetworkAccessPoint.PublicPort": {},
  "ServerTemplate.NetworkAccessPoint.SSLListenPort": {},
  "ServerTemplate.ReplicationPorts": {},
  "ServerTemplate.SSL.ListenPort": {},
  "ServerTemplate.WebServer.FrontendHTTPPort": {},
  "ServerTemplate.WebServer.FrontendHTTPSPort": {},
  "UnixMachine.NodeManager.ListenPort": {},
  "VirtualHost.FrontendHTTPPort": {},
  "VirtualHost.FrontendHTTPSPort": {},
  "VirtualTarget.ExplicitPort": {},
  "VirtualTarget.PortOffset": {},
  "VirtualTarget.WebServer.FrontendHTTPPort": {},
  "VirtualTarget.WebServer.FrontendHTTPSPort": {}
}
