{
  "AppDeployment.Target": {},
  "CoherenceClusterSystemResource.CoherenceCacheConfig.Target": {},
  "CoherenceClusterSystemResource.Target": {},
  "FileStore.Target": {},
  "ForeignJNDIProvider.Target": {},
  "JDBCStore.Target": {},
  "JDBCSystemResource.Target": {},
  "JMSServer.SubDeployment.Target": {},
  "JMSServer.Target": {},
  "Library.SubDeployment.Target": {},
  "Library.Target": {},
  "MailSession.Target": {},
  "MessagingBridge.Target": {},
  "PathService.Target": {},
  "ResourceGroup.Target": {},
  "SAFAgent.Target": {},
  "SelfTuning.Capacity.Target": {},
  "SelfTuning.ContextRequestClass.ContextCase.Target": {},
  "SelfTuning.ContextRequestClass.Target": {},
  "SelfTuning.FairShareRequestClass.Target": {},
  "SelfTuning.MaxThreadsConstraint.Target": {},
  "SelfTuning.MinThreadsConstraint.Target": {},
  "SelfTuning.ResponseTimeRequestClass.Target": {},
  "SelfTuning.WorkManager.Target": {},
  "Server.Cluster": {},
  "Server.DataSource.Target": {},
  "Server.TransactionLogJDBCStore.Target": {},
  "Server.WebServer.Target": {},
  "ServerTemplate.Cluster": {},
  "ServerTemplate.DataSource.Target": {},
  "ServerTemplate.TransactionLogJDBCStore.Target": {},
  "ServerTemplate.WebServer.Target": {},
  "ShutdownClass.Target": {},
  "StartupClass.Target": {},
  "VirtualHost.Target": {},
  "VirtualTarget.Target": {},
  "VirtualTarget.WebServer.Target": {},
  "WLDFSystemResource.Target": {}
}
