{
  "Cluster.ClusterAddress": {},
  "Cluster.ClusterMessagingMode": {},
  "Cluster.FrontendHTTPPort": {},
  "Cluster.FrontendHTTPSPort": {},
  "Cluster.FrontendHost": {},
  "Cluster.MulticastAddress": {},
  "Cluster.MulticastPort": {},
  "Cluster.RemoteClusterAddress": {},
  "Machine.Address": {},
  "Machine.NodeManager.ListenAddress": {},
  "Machine.NodeManager.ListenPort": {},
  "Machine.NodeManager.NodeManagerHome": {},
  "Machine.NodeManager.PasswordEncrypted": {},
  "Machine.NodeManager.UserName": {},
  "NMProperties.ListenAddress": {},
  "NMProperties.ListenPort": {},
  "SecurityConfiguration.CertRevoc.CrlCacheTypeLdapHostname": {},
  "SecurityConfiguration.CertRevoc.CrlCacheTypeLdapPort": {},
  "SecurityConfiguration.Realm.AuthenticationProvider.ActiveDirectoryAuthenticator.Host": {},
  "SecurityConfiguration.Realm.AuthenticationProvider.ActiveDirectoryAuthenticator.Port": {},
  "SecurityConfiguration.Realm.AuthenticationProvider.IPlanetAuthenticator.Host": {},
  "SecurityConfiguration.Realm.AuthenticationProvider.IPlanetAuthenticator.Port": {},
  "SecurityConfiguration.Realm.AuthenticationProvider.LDAPAuthenticator.Host": {},
  "SecurityConfiguration.Realm.AuthenticationProvider.LDAPAuthenticator.Port": {},
  "SecurityConfiguration.Realm.AuthenticationProvider.LDAPX509IdentityAsserter.Host": {},
  "SecurityConfiguration.Realm.AuthenticationProvider.LDAPX509IdentityAsserter.Port": {},
  "SecurityConfiguration.Realm.AuthenticationProvider.NovellAuthenticator.Host": {},
  "SecurityConfiguration.Realm.AuthenticationProvider.NovellAuthenticator.Port": {},
  "SecurityConfiguration.Realm.AuthenticationProvider.OpenLDAPAuthenticator.Host": {},
  "SecurityConfiguration.Realm.AuthenticationProvider.OpenLDAPAuthenticator.Port": {},
  "SecurityConfiguration.Realm.AuthenticationProvider.OracleInternetDirectoryAuthenticator.Host": {},
  "SecurityConfiguration.Realm.AuthenticationProvider.OracleInternetDirectoryAuthenticator.Port": {},
  "SecurityConfiguration.Realm.AuthenticationProvider.OracleUnifiedDirectoryAuthenticator.Host": {},
  "SecurityConfiguration.Realm.AuthenticationProvider.OracleUnifiedDirectoryAuthenticator.Port": {},
  "SecurityConfiguration.Realm.AuthenticationProvider.OracleVirtualDirectoryAuthenticator.Host": {},
  "SecurityConfiguration.Realm.AuthenticationProvider.OracleVirtualDirectoryAuthenticator.Port": {},
  "Server.ListenAddress": {},
  "Server.ListenPort": {},
  "Server.ListenPortEnabled": {},
  "Server.Log.LogFileRotationDir": {},
  "Server.Machine": {},
  "Server.NetworkAccessPoint.HostnameVerificationIgnored": {},
  "Server.NetworkAccessPoint.HostnameVerifier": {},
  "Server.SSL.Enabled": {},
  "Server.SSL.ListenPort": {},
  "Server.ServerTemplate": {},
  "Server.SystemPasswordEncrypted": {},
  "Server.TunnelingEnabled": {},
  "Server.UseFusionForLLR": {},
  "ServerTemplate.AdministrationPort": {},
  "ServerTemplate.AdministrationPortEnabled": {},
  "ServerTemplate.BuzzAddress": {},
  "ServerTemplate.BuzzPort": {},
  "ServerTemplate.COM.NTAuthHost": {},
  "ServerTemplate.CoherenceMemberConfig.UnicastListenAddress": {},
  "ServerTemplate.CoherenceMemberConfig.UnicastListenPort": {},
  "ServerTemplate.InterfaceAddress": {},
  "ServerTemplate.JTAMigratableTarget.HostingServer": {},
  "ServerTemplate.ListenAddress": {},
  "ServerTemplate.ListenPort": {},
  "ServerTemplate.ListenPortEnabled": {},
  "ServerTemplate.NetworkAccessPoint.ClusterAddress": {},
  "ServerTemplate.NetworkAccessPoint.ListenAddress": {},
  "ServerTemplate.NetworkAccessPoint.ListenPort": {},
  "ServerTemplate.NetworkAccessPoint.ProxyAddress": {},
  "ServerTemplate.NetworkAccessPoint.ProxyPort": {},
  "ServerTemplate.NetworkAccessPoint.PublicAddress": {},
  "ServerTemplate.NetworkAccessPoint.PublicPort": {},
  "ServerTemplate.NetworkAccessPoint.SSLListenPort": {},
  "ServerTemplate.ReplicationPorts": {},
  "ServerTemplate.SSL.ListenPort": {},
  "ServerTemplate.WebServer.FrontendHTTPPort": {},
  "ServerTemplate.WebServer.FrontendHTTPSPort": {},
  "ServerTemplate.WebServer.FrontendHost": {},
  "UnixMachine.Address": {},
  "UnixMachine.NodeManager.ListenAddress": {},
  "UnixMachine.NodeManager.ListenPort": {},
  "UnixMachine.NodeManager.NodeManagerHome": {},
  "UnixMachine.NodeManager.PasswordEncrypted": {},
  "UnixMachine.NodeManager.UserName": {},
  "VirtualHost.FrontendHTTPPort": {},
  "VirtualHost.FrontendHTTPSPort": {},
  "VirtualHost.FrontendHost": {},
  "VirtualHost.VirtualHostName": {},
  "VirtualTarget.ExplicitPort": {},
  "VirtualTarget.HostName": {},
  "VirtualTarget.PortOffset": {},
  "VirtualTarget.WebServer.FrontendHTTPPort": {},
  "VirtualTarget.WebServer.FrontendHTTPSPort": {},
  "VirtualTarget.WebServer.FrontendHost": {}
}
