{
  "ForeignJNDIProvider.ProviderUrl": {},
  "JDBCSystemResource.JdbcResource.JDBCDriverParams.URL": {},
  "JMSBridgeDestination.ConnectionURL": {},
  "JMSSystemResource.JmsResource.ForeignServer.ConnectionURL": {},
  "JMSSystemResource.JmsResource.SAFRemoteContext.SAFLoginContext.LoginURL": {},
  "JoltConnectionPool.FailoverAddress": {},
  "JoltConnectionPool.PrimaryAddress": {},
  "Partition.ForeignJndiProviderOverride.ProviderUrl": {},
  "SecurityConfiguration.CertRevoc.CertRevocCa.CrlDpUrl": {},
  "SecurityConfiguration.CertRevoc.CertRevocCa.OcspResponderUrl": {},
  "SecurityConfiguration.Realm.RDBMSSecurityStore.ConnectionURL": {},
  "Server.FederationServices.SourceSiteUrl": {},
  "Server.ServerDebug.BugReportServiceWsdlUrl": {},
  "Server.SingleSignOnServices.DefaultUrl": {},
  "Server.SingleSignOnServices.LoginUrl": {},
  "Server.SingleSignOnServices.OrganizationUrl": {},
  "Server.SingleSignOnServices.PublishedSiteUrl": {},
  "ServerTemplate.FederationServices.SourceSiteUrl": {},
  "ServerTemplate.ServerDebug.BugReportServiceWsdlUrl": {},
  "ServerTemplate.SingleSignOnServices.DefaultUrl": {},
  "ServerTemplate.SingleSignOnServices.LoginUrl": {},
  "ServerTemplate.SingleSignOnServices.OrganizationUrl": {},
  "ServerTemplate.SingleSignOnServices.PublishedSiteUrl": {},
  "WLDFSystemResource.WLDFResource.WatchNotification.RestNotification.EndpointUrl": {},
  "WTCServer.WTCLocalTuxDom.NWAddr": {},
  "WTCServer.WTCRemoteTuxDom.NWAddr": {}
}
